Date,Open,High,Low,Close,Adj Close,Volume,stock
2014-08-01,0.01,1.0,0.01,0.444,0.444,29700,PGAS
2014-08-04,0.44,0.6,0.21,0.44,0.44,44200,PGAS
2014-08-05,0.44,0.75,0.44,0.6,0.6,34400,PGAS
2014-08-06,0.54,0.7,0.5,0.54,0.54,56300,PGAS
2014-08-07,0.54,0.54,0.33,0.39,0.39,26300,PGAS
2014-08-08,0.39,0.59,0.39,0.41,0.41,15500,PGAS
2014-08-11,0.41,0.41,0.41,0.41,0.41,5700,PGAS
2014-08-12,0.41,0.49,0.32,0.32,0.32,57300,PGAS
2014-08-13,0.35,0.35,0.18,0.2,0.2,241900,PGAS
2014-08-14,0.15,0.2,0.15,0.2,0.2,159000,PGAS
2014-08-15,0.25,0.25,0.13,0.13,0.13,67700,PGAS
2014-08-18,0.15,0.2,0.1,0.14,0.14,152600,PGAS
2014-08-19,0.1,0.198,0.1,0.18,0.18,130600,PGAS
2014-08-20,0.1,0.15,0.1,0.13,0.13,39900,PGAS
2014-08-21,0.112,0.13,0.112,0.113,0.113,46700,PGAS
2014-08-22,0.11,0.18,0.11,0.17,0.17,75000,PGAS
2014-08-25,0.17,0.243,0.141,0.23,0.23,65200,PGAS
2014-08-26,0.15,0.24,0.15,0.23,0.23,79000,PGAS
2014-08-27,0.23,0.23,0.18,0.18,0.18,147900,PGAS
2014-08-28,0.235,0.235,0.18,0.2,0.2,30700,PGAS
2014-08-29,0.2,0.2,0.167,0.189,0.189,59800,PGAS
2014-09-02,0.18,0.2,0.177,0.177,0.177,115200,PGAS
2014-09-03,0.177,0.185,0.176,0.179,0.179,141500,PGAS
2014-09-04,0.17,0.175,0.167,0.167,0.167,58900,PGAS
2014-09-05,0.17,0.175,0.165,0.175,0.175,109700,PGAS
2014-09-08,0.168,0.18,0.168,0.173,0.173,129500,PGAS
2014-09-09,0.173,0.173,0.167,0.167,0.167,22600,PGAS
2014-09-10,0.173,0.173,0.14,0.143,0.143,87500,PGAS
2014-09-11,0.141,0.146,0.141,0.146,0.146,25000,PGAS
2014-09-12,0.15,0.15,0.144,0.144,0.144,23500,PGAS
2014-09-15,0.144,0.144,0.14,0.14,0.14,28600,PGAS
2014-09-16,0.11,0.145,0.11,0.13,0.13,76000,PGAS
2014-09-17,0.129,0.135,0.125,0.131,0.131,100500,PGAS
2014-09-18,0.129,0.13,0.125,0.13,0.13,104400,PGAS
2014-09-19,0.13,0.133,0.115,0.133,0.133,71500,PGAS
2014-09-22,0.116,0.138,0.116,0.138,0.138,140300,PGAS
2014-09-23,0.135,0.135,0.12,0.12,0.12,6400,PGAS
2014-09-24,0.12,0.135,0.12,0.121,0.121,36100,PGAS
2014-09-25,0.13,0.13,0.116,0.116,0.116,36000,PGAS
2014-09-26,0.115,0.127,0.1,0.103,0.103,30700,PGAS
2014-09-29,0.115,0.115,0.1,0.1,0.1,30100,PGAS
2014-09-30,0.1,0.11,0.094,0.11,0.11,135400,PGAS
2014-10-01,0.1,0.11,0.065,0.094,0.094,254600,PGAS
2014-10-02,0.07,0.094,0.06,0.075,0.075,165100,PGAS
2014-10-03,0.075,0.08,0.07,0.08,0.08,66700,PGAS
2014-10-06,0.085,0.105,0.085,0.105,0.105,109100,PGAS
2014-10-07,0.091,0.12,0.091,0.095,0.095,96000,PGAS
2014-10-08,0.093,0.12,0.093,0.105,0.105,39300,PGAS
2014-10-09,0.105,0.115,0.1,0.1,0.1,126200,PGAS
2014-10-10,0.11,0.12,0.105,0.105,0.105,105000,PGAS
2014-10-13,0.105,0.57,0.098,0.098,0.098,54200,PGAS
2014-10-14,0.1,0.1,0.098,0.098,0.098,33100,PGAS
2014-10-15,0.093,0.095,0.091,0.095,0.095,12000,PGAS
2014-10-16,0.091,0.091,0.083,0.09,0.09,31400,PGAS
2014-10-17,0.085,0.085,0.08,0.08,0.08,35700,PGAS
2014-10-20,0.08,0.084,0.08,0.084,0.084,41900,PGAS
2014-10-21,0.085,0.085,0.08,0.08,0.08,47800,PGAS
2014-10-22,0.075,0.085,0.07,0.084,0.084,117600,PGAS
2014-10-23,0.083,0.085,0.08,0.084,0.084,118100,PGAS
2014-10-24,0.085,0.13,0.084,0.1,0.1,44200,PGAS
2014-10-27,0.1,0.1,0.09,0.1,0.1,93300,PGAS
2014-10-28,0.09,0.09,0.08,0.085,0.085,37600,PGAS
2014-10-29,0.098,0.099,0.08,0.088,0.088,68900,PGAS
2014-10-30,0.088,0.088,0.08,0.083,0.083,56600,PGAS
2014-10-31,0.083,0.099,0.08,0.081,0.081,43000,PGAS
2014-11-03,0.08,0.083,0.08,0.083,0.083,28400,PGAS
2014-11-04,0.084,0.084,0.061,0.08,0.08,21500,PGAS
2014-11-05,0.061,0.07,0.061,0.062,0.062,71000,PGAS
2014-11-06,0.069,0.073,0.061,0.061,0.061,31100,PGAS
2014-11-07,0.075,0.075,0.06,0.06,0.06,55300,PGAS
2014-11-10,0.059,0.059,0.059,0.059,0.059,1500,PGAS
2014-11-11,0.055,0.065,0.055,0.062,0.062,71400,PGAS
2014-11-12,0.055,0.065,0.055,0.06,0.06,210000,PGAS
2014-11-13,0.055,0.06,0.053,0.06,0.06,109400,PGAS
2014-11-14,0.05,0.057,0.05,0.057,0.057,102400,PGAS
2014-11-17,0.057,0.06,0.057,0.06,0.06,43800,PGAS
2014-11-18,0.06,0.06,0.06,0.06,0.06,19500,PGAS
2014-11-19,0.06,0.06,0.05,0.06,0.06,7700,PGAS
2014-11-20,0.06,0.06,0.051,0.051,0.051,19100,PGAS
2014-11-21,0.051,0.051,0.051,0.051,0.051,400,PGAS
2014-11-24,0.067,0.067,0.067,0.067,0.067,1100,PGAS
2014-11-25,0.053,0.053,0.053,0.053,0.053,34400,PGAS
2014-11-26,0.053,0.059,0.053,0.059,0.059,35000,PGAS
2014-11-28,0.053,0.053,0.053,0.053,0.053,20300,PGAS
2014-12-01,0.053,0.053,0.01,0.048,0.048,31400,PGAS
2014-12-02,0.046,0.046,0.046,0.046,0.046,2200,PGAS
2014-12-03,0.04,0.04,0.025,0.025,0.025,13800,PGAS
2014-12-04,0.042,0.042,0.025,0.027,0.027,42100,PGAS
2014-12-05,0.03,0.03,0.03,0.03,0.03,2400,PGAS
2014-12-08,0.03,0.04,0.03,0.04,0.04,31300,PGAS
2014-12-09,0.03,0.049,0.03,0.03,0.03,34200,PGAS
2014-12-10,0.03,0.03,0.03,0.03,0.03,11400,PGAS
2014-12-11,0.03,0.03,0.03,0.03,0.03,200,PGAS
2014-12-12,0.03,0.03,0.03,0.03,0.03,900,PGAS
2014-12-15,0.03,0.03,0.03,0.03,0.03,0,PGAS
2014-12-16,0.01,0.01,0.01,0.01,0.01,200,PGAS
2014-12-17,0.017,0.049,0.017,0.048,0.048,28900,PGAS
2014-12-18,0.048,0.048,0.045,0.048,0.048,28900,PGAS
2014-12-19,0.048,0.048,0.048,0.048,0.048,0,PGAS
2014-12-22,0.048,0.048,0.048,0.048,0.048,2100,PGAS
2014-12-23,0.048,0.06,0.048,0.06,0.06,24000,PGAS
2014-12-24,0.035,0.035,0.035,0.035,0.035,1100,PGAS
2014-12-26,0.035,0.035,0.035,0.035,0.035,200,PGAS
2014-12-29,0.035,0.035,0.035,0.035,0.035,700,PGAS
2014-12-30,0.035,0.035,0.035,0.035,0.035,11300,PGAS
2014-12-31,0.035,0.064,0.035,0.035,0.035,3300,PGAS
2015-01-02,0.035,0.035,0.035,0.035,0.035,800,PGAS
2015-01-05,0.035,0.037,0.03,0.03,0.03,49000,PGAS
2015-01-06,0.03,0.03,0.03,0.03,0.03,5000,PGAS
2015-01-07,0.04,0.04,0.04,0.04,0.04,3000,PGAS
2015-01-08,0.064,0.064,0.031,0.031,0.031,11400,PGAS
2015-01-09,0.031,0.031,0.031,0.031,0.031,800,PGAS
2015-01-12,0.032,0.032,0.032,0.032,0.032,11000,PGAS
2015-01-13,0.04,0.04,0.04,0.04,0.04,10000,PGAS
2015-01-14,0.04,0.04,0.04,0.04,0.04,0,PGAS
2015-01-15,0.032,0.032,0.032,0.032,0.032,1400,PGAS
2015-01-16,0.032,0.05,0.032,0.05,0.05,1600,PGAS
2015-01-20,0.05,0.05,0.05,0.05,0.05,2200,PGAS
2015-01-21,0.05,0.05,0.05,0.05,0.05,0,PGAS
2015-01-22,0.032,0.033,0.032,0.033,0.033,1500,PGAS
2015-01-23,0.033,0.033,0.033,0.033,0.033,500,PGAS
2015-01-26,0.022,0.03,0.022,0.03,0.03,2900,PGAS
2015-01-27,0.03,0.03,0.03,0.03,0.03,0,PGAS
2015-01-28,0.05,0.05,0.05,0.05,0.05,3000,PGAS
2015-01-29,0.05,0.05,0.03,0.03,0.03,700,PGAS
2015-01-30,0.03,0.03,0.03,0.03,0.03,400,PGAS
2015-02-02,0.03,0.03,0.03,0.03,0.03,1200,PGAS
2015-02-03,0.03,0.03,0.03,0.03,0.03,25000,PGAS
2015-02-04,0.03,0.03,0.03,0.03,0.03,0,PGAS
2015-02-05,0.03,0.03,0.03,0.03,0.03,700,PGAS
2015-02-06,0.03,0.03,0.03,0.03,0.03,100,PGAS
2015-02-09,0.03,0.03,0.022,0.022,0.022,47400,PGAS
2015-02-10,0.025,0.025,0.025,0.025,0.025,600,PGAS
2015-02-11,0.025,0.025,0.025,0.025,0.025,0,PGAS
2015-02-12,0.025,0.025,0.025,0.025,0.025,0,PGAS
2015-02-13,0.025,0.025,0.025,0.025,0.025,1400,PGAS
2015-02-17,0.025,0.025,0.025,0.025,0.025,13400,PGAS
2015-02-18,0.026,0.033,0.026,0.033,0.033,43500,PGAS
2015-02-19,0.032,0.032,0.032,0.032,0.032,10100,PGAS
2015-02-20,0.03,0.03,0.03,0.03,0.03,11000,PGAS
2015-02-23,0.03,0.03,0.03,0.03,0.03,0,PGAS
2015-02-24,0.02,0.021,0.02,0.02,0.02,4100,PGAS
2015-02-25,0.02,0.02,0.02,0.02,0.02,0,PGAS
2015-02-26,0.021,0.021,0.02,0.02,0.02,37400,PGAS
2015-02-27,0.02,0.02,0.02,0.02,0.02,25100,PGAS
2015-03-02,0.02,0.02,0.015,0.015,0.015,6700,PGAS
2015-03-03,0.015,0.015,0.015,0.015,0.015,700,PGAS
2015-03-04,0.015,0.015,0.015,0.015,0.015,0,PGAS
2015-03-05,0.015,0.015,0.015,0.015,0.015,300,PGAS
2015-03-06,0.015,0.015,0.015,0.015,0.015,700,PGAS
2015-03-09,0.016,0.016,0.016,0.016,0.016,104400,PGAS
2015-03-10,0.016,0.016,0.016,0.016,0.016,0,PGAS
2015-03-11,0.015,0.015,0.015,0.015,0.015,69200,PGAS
2015-03-12,0.01,0.01,0.01,0.01,0.01,1100,PGAS
2015-03-13,0.015,0.015,0.015,0.015,0.015,29500,PGAS
2015-03-16,0.014,0.014,0.01,0.014,0.014,29000,PGAS
2015-03-17,0.01,0.01,0.01,0.01,0.01,28900,PGAS
2015-03-18,0.011,0.011,0.01,0.011,0.011,54500,PGAS
2015-03-19,0.011,0.011,0.011,0.011,0.011,0,PGAS
2015-03-20,0.014,0.014,0.014,0.014,0.014,3000,PGAS
2015-03-23,0.03,0.03,0.011,0.02,0.02,73300,PGAS
2015-03-24,0.021,0.03,0.011,0.027,0.027,101300,PGAS
2015-03-25,0.03,0.03,0.022,0.022,0.022,18500,PGAS
2015-03-26,0.02,0.03,0.02,0.03,0.03,3000,PGAS
2015-03-27,0.02,0.03,0.02,0.03,0.03,7200,PGAS
2015-03-30,0.03,0.03,0.02,0.02,0.02,6200,PGAS
2015-03-31,0.03,0.03,0.03,0.03,0.03,10100,PGAS
2015-04-01,0.02,0.02,0.02,0.02,0.02,400,PGAS
2015-04-02,0.02,0.02,0.02,0.02,0.02,10100,PGAS
2015-04-06,0.02,0.02,0.02,0.02,0.02,200,PGAS
2015-04-07,0.03,0.03,0.03,0.03,0.03,1400,PGAS
2015-04-08,0.025,0.025,0.025,0.025,0.025,300,PGAS
2015-04-09,0.02,0.03,0.02,0.03,0.03,15100,PGAS
2015-04-10,0.03,0.03,0.02,0.02,0.02,27200,PGAS
2015-04-13,0.03,0.03,0.03,0.03,0.03,4700,PGAS
2015-04-14,0.02,0.02,0.02,0.02,0.02,1500,PGAS
2015-04-15,0.03,0.03,0.03,0.03,0.03,6400,PGAS
2015-04-16,0.03,0.03,0.03,0.03,0.03,20700,PGAS
2015-04-17,0.02,0.03,0.02,0.03,0.03,20800,PGAS
2015-04-20,0.02,0.02,0.02,0.02,0.02,600,PGAS
2015-04-21,0.02,0.02,0.02,0.02,0.02,0,PGAS
2015-04-22,0.02,0.02,0.02,0.02,0.02,58100,PGAS
2015-04-23,0.03,0.03,0.021,0.021,0.021,44400,PGAS
2015-04-24,0.021,0.021,0.021,0.021,0.021,0,PGAS
2015-04-27,0.021,0.024,0.021,0.021,0.021,14900,PGAS
2015-04-28,0.021,0.021,0.021,0.021,0.021,26100,PGAS
2015-04-29,0.021,0.021,0.021,0.021,0.021,1400,PGAS
2015-04-30,0.021,0.021,0.021,0.021,0.021,1200,PGAS
2015-05-01,0.021,0.021,0.021,0.021,0.021,200,PGAS
2015-05-04,0.021,0.021,0.021,0.021,0.021,100,PGAS
2015-05-05,0.025,0.04,0.025,0.039,0.039,317100,PGAS
2015-05-06,0.04,0.04,0.013,0.025,0.025,104200,PGAS
2015-05-07,0.025,0.029,0.025,0.029,0.029,14000,PGAS
2015-05-08,0.033,0.033,0.029,0.029,0.029,56000,PGAS
2015-05-11,0.017,0.024,0.017,0.018,0.018,47100,PGAS
2015-05-12,0.018,0.03,0.018,0.018,0.018,10200,PGAS
2015-05-13,0.018,0.03,0.018,0.019,0.019,16900,PGAS
2015-05-14,0.019,0.019,0.019,0.019,0.019,15000,PGAS
2015-05-15,0.019,0.019,0.019,0.019,0.019,1400,PGAS
2015-05-18,0.024,0.024,0.024,0.024,0.024,4100,PGAS
2015-05-19,0.022,0.025,0.02,0.025,0.025,32200,PGAS
2015-05-20,0.018,0.018,0.018,0.018,0.018,3200,PGAS
2015-05-21,0.018,0.018,0.018,0.018,0.018,0,PGAS
2015-05-22,0.018,0.018,0.018,0.018,0.018,0,PGAS
2015-05-26,0.018,0.018,0.018,0.018,0.018,8000,PGAS
2015-05-27,0.018,0.018,0.018,0.018,0.018,0,PGAS
2015-05-28,0.018,0.018,0.018,0.018,0.018,9800,PGAS
2015-05-29,0.018,0.018,0.018,0.018,0.018,900,PGAS
2015-06-01,0.018,0.018,0.018,0.018,0.018,6000,PGAS
2015-06-02,0.018,0.018,0.018,0.018,0.018,2000,PGAS
2015-06-03,0.018,0.018,0.018,0.018,0.018,107700,PGAS
2015-06-04,0.018,0.018,0.018,0.018,0.018,36800,PGAS
2015-06-05,0.014,0.018,0.014,0.018,0.018,36100,PGAS
2015-06-08,0.018,0.018,0.018,0.018,0.018,100,PGAS
2015-06-09,0.018,0.018,0.018,0.018,0.018,300,PGAS
2015-06-10,0.018,0.019,0.018,0.019,0.019,7500,PGAS
2015-06-11,0.019,0.019,0.019,0.019,0.019,500,PGAS
2015-06-12,0.019,0.019,0.018,0.018,0.018,5200,PGAS
2015-06-15,0.018,0.018,0.018,0.018,0.018,0,PGAS
2015-06-16,0.018,0.018,0.018,0.018,0.018,32500,PGAS
2015-06-17,0.018,0.018,0.018,0.018,0.018,0,PGAS
2015-06-18,0.018,0.018,0.018,0.018,0.018,0,PGAS
2015-06-19,0.018,0.018,0.018,0.018,0.018,0,PGAS
2015-06-22,0.018,0.018,0.018,0.018,0.018,400,PGAS
2015-06-23,0.018,0.018,0.018,0.018,0.018,3300,PGAS
2015-06-24,0.018,0.018,0.018,0.018,0.018,0,PGAS
2015-06-25,0.018,0.018,0.018,0.018,0.018,0,PGAS
2015-06-26,0.018,0.018,0.018,0.018,0.018,1000,PGAS
2015-06-29,0.018,0.018,0.018,0.018,0.018,0,PGAS
2015-06-30,0.018,0.018,0.018,0.018,0.018,900,PGAS
2015-07-01,0.018,0.018,0.018,0.018,0.018,0,PGAS
2015-07-02,0.018,0.018,0.018,0.018,0.018,0,PGAS
2015-07-06,0.018,0.018,0.018,0.018,0.018,0,PGAS
2015-07-07,0.018,0.018,0.018,0.018,0.018,0,PGAS
2015-07-08,0.018,0.018,0.018,0.018,0.018,0,PGAS
2015-07-09,0.018,0.018,0.018,0.018,0.018,0,PGAS
2015-07-10,0.013,0.013,0.013,0.013,0.013,1700,PGAS
2015-07-13,0.013,0.013,0.013,0.013,0.013,0,PGAS
2015-07-14,0.013,0.013,0.013,0.013,0.013,0,PGAS
2015-07-15,0.013,0.013,0.013,0.013,0.013,200,PGAS
2015-07-16,0.013,0.013,0.013,0.013,0.013,700,PGAS
2015-07-17,0.013,0.013,0.013,0.013,0.013,200,PGAS
2015-07-20,0.013,0.013,0.013,0.013,0.013,0,PGAS
2015-07-21,0.013,0.013,0.013,0.013,0.013,0,PGAS
2015-07-22,0.013,0.019,0.013,0.019,0.019,19800,PGAS
2015-07-23,0.019,0.019,0.019,0.019,0.019,0,PGAS
2015-07-24,0.019,0.019,0.019,0.019,0.019,0,PGAS
2015-07-27,0.019,0.019,0.019,0.019,0.019,0,PGAS
2015-07-28,0.013,0.013,0.013,0.013,0.013,1300,PGAS
2015-07-29,0.013,0.013,0.013,0.013,0.013,0,PGAS
2015-07-30,0.013,0.013,0.013,0.013,0.013,400,PGAS
2015-07-31,0.013,0.013,0.013,0.013,0.013,1200,PGAS
2015-08-03,0.013,0.013,0.013,0.013,0.013,0,PGAS
2015-08-04,0.013,0.013,0.013,0.013,0.013,0,PGAS
2015-08-05,0.013,0.013,0.013,0.013,0.013,0,PGAS
2015-08-06,0.015,0.015,0.015,0.015,0.015,11300,PGAS
2015-08-07,0.015,0.015,0.015,0.015,0.015,400,PGAS
2015-08-10,0.015,0.015,0.015,0.015,0.015,500,PGAS
2015-08-11,0.015,0.015,0.015,0.015,0.015,10000,PGAS
2015-08-12,0.01,0.01,0.01,0.01,0.01,500,PGAS
2015-08-13,0.01,0.01,0.01,0.01,0.01,300,PGAS
2015-08-14,0.01,0.01,0.01,0.01,0.01,0,PGAS
2015-08-17,0.01,0.01,0.01,0.01,0.01,100,PGAS
2015-08-18,0.01,0.01,0.01,0.01,0.01,0,PGAS
2015-08-19,0.01,0.01,0.01,0.01,0.01,1200,PGAS
2015-08-20,0.01,0.01,0.01,0.01,0.01,0,PGAS
2015-08-21,0.01,0.01,0.01,0.01,0.01,700,PGAS
2015-08-24,0.01,0.01,0.01,0.01,0.01,0,PGAS
2015-08-25,0.01,0.01,0.01,0.01,0.01,700,PGAS
2015-08-26,0.019,0.019,0.019,0.019,0.019,10500,PGAS
2015-08-27,0.019,0.019,0.019,0.019,0.019,800,PGAS
2015-08-28,0.01,0.011,0.01,0.011,0.011,600,PGAS
2015-08-31,0.011,0.011,0.011,0.011,0.011,0,PGAS
2015-09-01,0.011,0.011,0.011,0.011,0.011,0,PGAS
2015-09-02,0.011,0.011,0.011,0.011,0.011,0,PGAS
2015-09-03,0.01,0.01,0.01,0.01,0.01,500,PGAS
2015-09-04,0.01,0.01,0.01,0.01,0.01,0,PGAS
2015-09-08,0.01,0.01,0.01,0.01,0.01,0,PGAS
2015-09-09,0.01,0.01,0.01,0.01,0.01,0,PGAS
2015-09-10,0.01,0.01,0.01,0.01,0.01,1100,PGAS
2015-09-11,0.01,0.01,0.01,0.01,0.01,500,PGAS
2015-09-14,0.01,0.01,0.01,0.01,0.01,0,PGAS
2015-09-15,0.01,0.01,0.01,0.01,0.01,0,PGAS
2015-09-16,0.01,0.01,0.01,0.01,0.01,0,PGAS
2015-09-17,0.01,0.01,0.01,0.01,0.01,200,PGAS
2015-09-18,0.01,0.01,0.01,0.01,0.01,22800,PGAS
2015-09-21,0.01,0.01,0.01,0.01,0.01,1100,PGAS
2015-09-22,0.01,0.01,0.01,0.01,0.01,0,PGAS
2015-09-23,0.01,0.01,0.01,0.01,0.01,100,PGAS
2015-09-24,0.01,0.01,0.01,0.01,0.01,0,PGAS
2015-09-25,0.01,0.01,0.01,0.01,0.01,0,PGAS
2015-09-28,0.01,0.01,0.01,0.01,0.01,0,PGAS
2015-09-29,0.011,0.011,0.011,0.011,0.011,100,PGAS
2015-09-30,0.011,0.011,0.011,0.011,0.011,0,PGAS
2015-10-01,0.011,0.011,0.011,0.011,0.011,0,PGAS
2015-10-02,0.011,0.011,0.011,0.011,0.011,0,PGAS
2015-10-05,0.011,0.011,0.011,0.011,0.011,100,PGAS
2015-10-06,0.011,0.011,0.011,0.011,0.011,300,PGAS
2015-10-07,0.011,0.011,0.011,0.011,0.011,0,PGAS
2015-10-08,0.011,0.011,0.011,0.011,0.011,0,PGAS
2015-10-09,0.011,0.011,0.011,0.011,0.011,36600,PGAS
2015-10-12,0.011,0.011,0.011,0.011,0.011,1100,PGAS
2015-10-13,0.011,0.011,0.011,0.011,0.011,0,PGAS
2015-10-14,0.011,0.011,0.011,0.011,0.011,0,PGAS
2015-10-15,0.011,0.011,0.011,0.011,0.011,0,PGAS
2015-10-16,0.011,0.011,0.011,0.011,0.011,0,PGAS
2015-10-19,0.03,0.03,0.025,0.025,0.025,16400,PGAS
2015-10-20,0.011,0.011,0.011,0.011,0.011,2400,PGAS
2015-10-21,0.011,0.011,0.011,0.011,0.011,0,PGAS
2015-10-22,0.011,0.011,0.011,0.011,0.011,800,PGAS
2015-10-23,0.011,0.011,0.011,0.011,0.011,0,PGAS
2015-10-26,0.011,0.011,0.011,0.011,0.011,1200,PGAS
2015-10-27,0.025,0.025,0.025,0.025,0.025,3600,PGAS
2015-10-28,0.02,0.02,0.019,0.019,0.019,90000,PGAS
2015-10-29,0.01,0.01,0.005,0.005,0.005,9300,PGAS
2015-10-30,0.005,0.005,0.005,0.005,0.005,0,PGAS
2015-11-02,0.005,0.005,0.005,0.005,0.005,100,PGAS
2015-11-03,0.005,0.005,0.005,0.005,0.005,100,PGAS
2015-11-04,0.005,0.005,0.005,0.005,0.005,0,PGAS
2015-11-05,0.005,0.005,0.005,0.005,0.005,0,PGAS
2015-11-06,0.005,0.005,0.005,0.005,0.005,500,PGAS
2015-11-09,0.005,0.005,0.005,0.005,0.005,4300,PGAS
2015-11-10,0.005,0.005,0.005,0.005,0.005,4500,PGAS
2015-11-11,0.005,0.005,0.005,0.005,0.005,0,PGAS
2015-11-12,0.018,0.018,0.006,0.006,0.006,12200,PGAS
2015-11-13,0.006,0.006,0.006,0.006,0.006,0,PGAS
2015-11-16,0.008,0.008,0.008,0.008,0.008,5000,PGAS
2015-11-17,0.008,0.01,0.008,0.01,0.01,12000,PGAS
2015-11-18,0.018,0.018,0.012,0.012,0.012,213200,PGAS
2015-11-19,0.013,0.018,0.013,0.018,0.018,14900,PGAS
2015-11-20,0.018,0.018,0.018,0.018,0.018,0,PGAS
2015-11-23,0.018,0.018,0.018,0.018,0.018,0,PGAS
2015-11-24,0.018,0.018,0.018,0.018,0.018,0,PGAS
2015-11-25,0.018,0.018,0.018,0.018,0.018,0,PGAS
2015-11-27,0.018,0.018,0.018,0.018,0.018,0,PGAS
2015-11-30,0.018,0.018,0.018,0.018,0.018,0,PGAS
2015-12-01,0.018,0.018,0.018,0.018,0.018,0,PGAS
2015-12-02,0.018,0.018,0.018,0.018,0.018,0,PGAS
2015-12-03,0.018,0.018,0.018,0.018,0.018,0,PGAS
2015-12-04,0.018,0.018,0.018,0.018,0.018,0,PGAS
2015-12-07,0.018,0.018,0.018,0.018,0.018,0,PGAS
2015-12-08,0.018,0.018,0.018,0.018,0.018,0,PGAS
2015-12-09,0.018,0.018,0.018,0.018,0.018,0,PGAS
2015-12-10,0.018,0.018,0.018,0.018,0.018,0,PGAS
2015-12-11,0.018,0.018,0.018,0.018,0.018,0,PGAS
2015-12-14,0.018,0.018,0.018,0.018,0.018,0,PGAS
2015-12-15,0.018,0.018,0.018,0.018,0.018,0,PGAS
2015-12-16,0.018,0.018,0.018,0.018,0.018,0,PGAS
2015-12-17,0.018,0.018,0.018,0.018,0.018,0,PGAS
2015-12-18,0.018,0.018,0.018,0.018,0.018,0,PGAS
2015-12-21,0.018,0.018,0.018,0.018,0.018,0,PGAS
2015-12-22,0.018,0.018,0.018,0.018,0.018,0,PGAS
2015-12-23,0.018,0.018,0.018,0.018,0.018,0,PGAS
2015-12-24,0.018,0.018,0.018,0.018,0.018,0,PGAS
2015-12-28,0.018,0.018,0.018,0.018,0.018,0,PGAS
2015-12-29,0.018,0.018,0.018,0.018,0.018,0,PGAS
2015-12-30,0.018,0.018,0.018,0.018,0.018,0,PGAS
2015-12-31,0.018,0.018,0.018,0.018,0.018,0,PGAS
2016-01-04,0.018,0.018,0.018,0.018,0.018,0,PGAS
2016-01-05,0.018,0.018,0.018,0.018,0.018,0,PGAS
2016-01-06,0.018,0.018,0.018,0.018,0.018,0,PGAS
2016-01-07,0.018,0.018,0.018,0.018,0.018,0,PGAS
2016-01-08,0.018,0.018,0.018,0.018,0.018,0,PGAS
2016-01-11,0.006,0.006,0.006,0.006,0.006,400,PGAS
2016-01-12,0.006,0.006,0.006,0.006,0.006,0,PGAS
2016-01-13,0.006,0.006,0.006,0.006,0.006,0,PGAS
2016-01-14,0.006,0.006,0.006,0.006,0.006,0,PGAS
2016-01-15,0.006,0.006,0.006,0.006,0.006,0,PGAS
2016-01-19,0.006,0.006,0.006,0.006,0.006,0,PGAS
2016-01-20,0.006,0.006,0.006,0.006,0.006,0,PGAS
2016-01-21,0.006,0.006,0.006,0.006,0.006,0,PGAS
2016-01-22,0.006,0.006,0.006,0.006,0.006,0,PGAS
2016-01-25,0.006,0.006,0.006,0.006,0.006,0,PGAS
2016-01-26,0.006,0.006,0.006,0.006,0.006,0,PGAS
2016-01-27,0.018,0.018,0.018,0.018,0.018,0,PGAS
2016-01-28,0.018,0.018,0.018,0.018,0.018,0,PGAS
2016-01-29,0.018,0.018,0.018,0.018,0.018,0,PGAS
2016-02-01,0.018,0.018,0.018,0.018,0.018,0,PGAS
2016-02-02,0.018,0.018,0.018,0.018,0.018,0,PGAS
2016-02-03,0.018,0.018,0.018,0.018,0.018,0,PGAS
2016-02-04,0.018,0.018,0.018,0.018,0.018,0,PGAS
2016-02-05,0.018,0.018,0.018,0.018,0.018,0,PGAS
2016-02-08,0.018,0.018,0.018,0.018,0.018,0,PGAS
2016-02-09,0.018,0.018,0.018,0.018,0.018,0,PGAS
2016-02-10,0.018,0.018,0.018,0.018,0.018,0,PGAS
2016-02-11,0.018,0.018,0.018,0.018,0.018,0,PGAS
2016-02-12,0.018,0.018,0.018,0.018,0.018,0,PGAS
2016-02-16,0.018,0.018,0.018,0.018,0.018,0,PGAS
2016-02-17,0.018,0.018,0.018,0.018,0.018,0,PGAS
2016-02-18,0.018,0.018,0.018,0.018,0.018,0,PGAS
2016-02-19,0.018,0.018,0.018,0.018,0.018,0,PGAS
2016-02-22,0.018,0.018,0.018,0.018,0.018,0,PGAS
2016-02-23,0.018,0.018,0.018,0.018,0.018,0,PGAS
2016-02-24,0.018,0.018,0.018,0.018,0.018,0,PGAS
2016-02-25,0.018,0.018,0.018,0.018,0.018,0,PGAS
2016-02-26,0.018,0.018,0.018,0.018,0.018,0,PGAS
2016-02-29,0.018,0.018,0.018,0.018,0.018,0,PGAS
2016-03-01,0.018,0.018,0.018,0.018,0.018,0,PGAS
2016-03-02,0.018,0.018,0.018,0.018,0.018,0,PGAS
2016-03-03,0.018,0.018,0.018,0.018,0.018,0,PGAS
2016-03-04,0.018,0.018,0.018,0.018,0.018,0,PGAS
2016-03-07,0.018,0.018,0.018,0.018,0.018,0,PGAS
2016-03-08,0.018,0.018,0.018,0.018,0.018,0,PGAS
2016-03-09,0.018,0.018,0.018,0.018,0.018,0,PGAS
2016-03-10,0.018,0.018,0.018,0.018,0.018,0,PGAS
2016-03-11,0.018,0.018,0.018,0.018,0.018,0,PGAS
2016-03-14,0.018,0.018,0.018,0.018,0.018,0,PGAS
2016-03-15,0.018,0.018,0.018,0.018,0.018,0,PGAS
2016-03-16,0.018,0.018,0.018,0.018,0.018,0,PGAS
2016-03-17,0.018,0.018,0.018,0.018,0.018,0,PGAS
2016-03-18,0.018,0.018,0.018,0.018,0.018,0,PGAS
2016-03-21,0.018,0.018,0.018,0.018,0.018,0,PGAS
2016-03-22,0.018,0.018,0.018,0.018,0.018,0,PGAS
2016-03-23,0.018,0.018,0.018,0.018,0.018,0,PGAS
2016-03-24,0.018,0.018,0.018,0.018,0.018,0,PGAS
2016-03-28,0.018,0.018,0.018,0.018,0.018,0,PGAS
2016-03-29,0.018,0.018,0.018,0.018,0.018,0,PGAS
2016-03-30,0.018,0.018,0.018,0.018,0.018,0,PGAS
2016-03-31,0.018,0.018,0.018,0.018,0.018,0,PGAS
2016-04-01,0.018,0.018,0.018,0.018,0.018,0,PGAS
2016-04-04,0.11,0.11,0.06,0.08,0.08,305800,PGAS
2016-04-05,0.08,0.08,0.053,0.056,0.056,147200,PGAS
2016-04-06,0.05,0.077,0.05,0.06,0.06,19700,PGAS
2016-04-07,0.077,0.1,0.06,0.06,0.06,65900,PGAS
2016-04-08,0.099,0.099,0.06,0.06,0.06,5300,PGAS
2016-04-11,0.099,0.099,0.061,0.088,0.088,14900,PGAS
2016-04-12,0.053,0.08,0.053,0.063,0.063,50700,PGAS
2016-04-13,0.08,0.08,0.06,0.062,0.062,64000,PGAS
2016-04-14,0.053,0.065,0.053,0.06,0.06,20400,PGAS
2016-04-15,0.06,0.06,0.053,0.053,0.053,99600,PGAS
2016-04-18,0.053,0.053,0.053,0.053,0.053,37200,PGAS
2016-04-19,0.053,0.053,0.053,0.053,0.053,4200,PGAS
2016-04-20,0.053,0.053,0.053,0.053,0.053,1700,PGAS
2016-04-21,0.064,0.082,0.053,0.053,0.053,5400,PGAS
2016-04-22,0.062,0.062,0.05,0.05,0.05,70400,PGAS
2016-04-25,0.06,0.061,0.043,0.051,0.051,102300,PGAS
2016-04-26,0.07,0.07,0.035,0.048,0.048,43400,PGAS
2016-04-27,0.048,0.048,0.048,0.048,0.048,3100,PGAS
2016-04-28,0.04,0.04,0.035,0.035,0.035,17700,PGAS
2016-04-29,0.035,0.035,0.035,0.035,0.035,0,PGAS
2016-05-02,0.036,0.04,0.036,0.04,0.04,65000,PGAS
2016-05-03,0.04,0.04,0.04,0.04,0.04,1400,PGAS
2016-05-04,0.039,0.039,0.039,0.039,0.039,2200,PGAS
2016-05-05,0.035,0.035,0.03,0.03,0.03,44600,PGAS
2016-05-06,0.03,0.03,0.03,0.03,0.03,0,PGAS
2016-05-09,0.036,0.04,0.036,0.04,0.04,17000,PGAS
2016-05-10,0.04,0.05,0.038,0.045,0.045,25800,PGAS
2016-05-11,0.03,0.03,0.026,0.026,0.026,1300,PGAS
2016-05-12,0.026,0.026,0.026,0.026,0.026,0,PGAS
2016-05-13,0.037,0.037,0.029,0.029,0.029,16900,PGAS
2016-05-16,0.029,0.029,0.029,0.029,0.029,13300,PGAS
2016-05-17,0.029,0.029,0.02,0.029,0.029,42100,PGAS
2016-05-18,0.012,0.05,0.012,0.04,0.04,39900,PGAS
2016-05-19,0.05,0.05,0.05,0.05,0.05,7000,PGAS
2016-05-20,0.04,0.042,0.04,0.042,0.042,900,PGAS
2016-05-23,0.038,0.038,0.038,0.038,0.038,300,PGAS
2016-05-24,0.03,0.03,0.029,0.03,0.03,9200,PGAS
2016-05-25,0.022,0.029,0.02,0.02,0.02,73400,PGAS
2016-05-26,0.02,0.02,0.02,0.02,0.02,0,PGAS
2016-05-27,0.02,0.02,0.02,0.02,0.02,0,PGAS
2016-05-31,0.02,0.02,0.02,0.02,0.02,0,PGAS
2016-06-01,0.025,0.025,0.023,0.023,0.023,9300,PGAS
2016-06-02,0.028,0.028,0.025,0.025,0.025,20100,PGAS
2016-06-03,0.028,0.028,0.028,0.028,0.028,50000,PGAS
2016-06-06,0.029,0.045,0.029,0.04,0.04,86900,PGAS
2016-06-07,0.032,0.032,0.03,0.03,0.03,9500,PGAS
2016-06-08,0.03,0.03,0.03,0.03,0.03,0,PGAS
2016-06-09,0.04,0.04,0.033,0.035,0.035,53000,PGAS
2016-06-10,0.033,0.04,0.033,0.04,0.04,11200,PGAS
2016-06-13,0.05,0.05,0.038,0.038,0.038,23100,PGAS
2016-06-14,0.04,0.04,0.039,0.039,0.039,24600,PGAS
2016-06-15,0.04,0.045,0.038,0.038,0.038,38100,PGAS
2016-06-16,0.038,0.038,0.038,0.038,0.038,0,PGAS
2016-06-17,0.05,0.05,0.038,0.038,0.038,22300,PGAS
2016-06-20,0.038,0.05,0.038,0.038,0.038,6500,PGAS
2016-06-21,0.038,0.038,0.038,0.038,0.038,15000,PGAS
2016-06-22,0.037,0.038,0.037,0.038,0.038,20100,PGAS
2016-06-23,0.038,0.038,0.038,0.038,0.038,0,PGAS
2016-06-24,0.038,0.038,0.038,0.038,0.038,34000,PGAS
2016-06-27,0.041,0.041,0.038,0.038,0.038,44000,PGAS
2016-06-28,0.035,0.035,0.025,0.025,0.025,39700,PGAS
2016-06-29,0.033,0.033,0.031,0.031,0.031,9500,PGAS
2016-06-30,0.03,0.03,0.013,0.013,0.013,135000,PGAS
2016-07-01,0.019,0.02,0.019,0.02,0.02,8500,PGAS
2016-07-05,0.02,0.021,0.019,0.021,0.021,67100,PGAS
2016-07-06,0.021,0.021,0.021,0.021,0.021,0,PGAS
2016-07-07,0.021,0.021,0.021,0.021,0.021,0,PGAS
2016-07-08,0.021,0.021,0.021,0.021,0.021,0,PGAS
2016-07-11,0.021,0.021,0.021,0.021,0.021,0,PGAS
2016-07-12,0.013,0.013,0.013,0.013,0.013,4000,PGAS
2016-07-13,0.013,0.013,0.013,0.013,0.013,0,PGAS
2016-07-14,0.013,0.013,0.013,0.013,0.013,800,PGAS
2016-07-15,0.013,0.013,0.013,0.013,0.013,0,PGAS
2016-07-18,0.013,0.013,0.013,0.013,0.013,0,PGAS
2016-07-19,0.013,0.013,0.013,0.013,0.013,20000,PGAS
2016-07-20,0.032,0.032,0.032,0.032,0.032,2000,PGAS
2016-07-21,0.03,0.032,0.013,0.013,0.013,8700,PGAS
2016-07-22,0.013,0.013,0.013,0.013,0.013,0,PGAS
2016-07-25,0.013,0.013,0.013,0.013,0.013,0,PGAS
2016-07-26,0.013,0.013,0.013,0.013,0.013,0,PGAS
2016-07-27,0.013,0.013,0.013,0.013,0.013,0,PGAS
2016-07-28,0.013,0.013,0.013,0.013,0.013,0,PGAS
2016-07-29,0.018,0.018,0.018,0.018,0.018,800,PGAS
2016-08-01,0.018,0.018,0.018,0.018,0.018,0,PGAS
2016-08-02,0.013,0.014,0.013,0.014,0.014,1000,PGAS
2016-08-03,0.014,0.014,0.014,0.014,0.014,0,PGAS
2016-08-04,0.014,0.014,0.014,0.014,0.014,0,PGAS
2016-08-05,0.014,0.014,0.014,0.014,0.014,0,PGAS
2016-08-08,0.016,0.016,0.016,0.016,0.016,100,PGAS
2016-08-09,0.016,0.016,0.016,0.016,0.016,0,PGAS
2016-08-10,0.018,0.018,0.018,0.018,0.018,400,PGAS
2016-08-11,0.018,0.018,0.018,0.018,0.018,0,PGAS
2016-08-12,0.018,0.018,0.018,0.018,0.018,0,PGAS
2016-08-15,0.018,0.018,0.018,0.018,0.018,0,PGAS
2016-08-16,0.033,0.033,0.033,0.033,0.033,19900,PGAS
2016-08-17,0.013,0.033,0.013,0.033,0.033,700,PGAS
2016-08-18,0.033,0.033,0.033,0.033,0.033,3300,PGAS
2016-08-19,0.033,0.033,0.033,0.033,0.033,0,PGAS
2016-08-22,0.029,0.033,0.029,0.033,0.033,3100,PGAS
2016-08-23,0.013,0.033,0.013,0.033,0.033,10200,PGAS
2016-08-24,0.05,0.05,0.05,0.05,0.05,400,PGAS
2016-08-25,0.05,0.05,0.05,0.05,0.05,6000,PGAS
2016-08-26,0.046,0.05,0.042,0.05,0.05,19000,PGAS
2016-08-29,0.034,0.044,0.034,0.035,0.035,83000,PGAS
2016-08-30,0.049,0.049,0.031,0.031,0.031,114600,PGAS
2016-08-31,0.034,0.06,0.034,0.045,0.045,140100,PGAS
2016-09-01,0.054,0.054,0.041,0.041,0.041,37100,PGAS
2016-09-02,0.04,0.04,0.04,0.04,0.04,800,PGAS
2016-09-06,0.045,0.045,0.04,0.04,0.04,11200,PGAS
2016-09-07,0.04,0.04,0.04,0.04,0.04,5100,PGAS
2016-09-08,0.04,0.04,0.04,0.04,0.04,0,PGAS
2016-09-09,0.04,0.04,0.025,0.03,0.03,55100,PGAS
2016-09-12,0.036,0.036,0.036,0.036,0.036,900,PGAS
2016-09-13,0.041,0.041,0.041,0.041,0.041,50000,PGAS
2016-09-14,0.039,0.042,0.036,0.037,0.037,93000,PGAS
2016-09-15,0.04,0.04,0.027,0.027,0.027,60500,PGAS
2016-09-16,0.027,0.027,0.027,0.027,0.027,0,PGAS
2016-09-19,0.03,0.034,0.027,0.027,0.027,228600,PGAS
2016-09-20,0.027,0.027,0.027,0.027,0.027,0,PGAS
2016-09-21,0.035,0.036,0.035,0.035,0.035,60000,PGAS
2016-09-22,0.03,0.03,0.03,0.03,0.03,300,PGAS
2016-09-23,0.035,0.035,0.035,0.035,0.035,2500,PGAS
2016-09-26,0.027,0.027,0.027,0.027,0.027,102200,PGAS
2016-09-27,0.021,0.025,0.021,0.025,0.025,359300,PGAS
2016-09-28,0.025,0.025,0.024,0.024,0.024,206100,PGAS
2016-09-29,0.025,0.025,0.025,0.025,0.025,60300,PGAS
2016-09-30,0.025,0.025,0.025,0.025,0.025,0,PGAS
2016-10-03,0.025,0.025,0.025,0.025,0.025,0,PGAS
2016-10-04,0.026,0.03,0.025,0.025,0.025,38300,PGAS
2016-10-05,0.025,0.03,0.025,0.03,0.03,226200,PGAS
2016-10-06,0.025,0.025,0.02,0.02,0.02,10700,PGAS
2016-10-07,0.02,0.021,0.02,0.021,0.021,21000,PGAS
2016-10-10,0.021,0.021,0.021,0.021,0.021,0,PGAS
2016-10-11,0.015,0.025,0.015,0.025,0.025,400300,PGAS
2016-10-12,0.035,0.035,0.035,0.035,0.035,2400,PGAS
2016-10-13,0.035,0.035,0.035,0.035,0.035,0,PGAS
2016-10-14,0.035,0.035,0.035,0.035,0.035,2400,PGAS
2016-10-17,0.015,0.015,0.015,0.015,0.015,200,PGAS
2016-10-18,0.027,0.03,0.025,0.025,0.025,64300,PGAS
2016-10-19,0.03,0.03,0.02,0.025,0.025,110100,PGAS
2016-10-20,0.026,0.035,0.025,0.025,0.025,265000,PGAS
2016-10-21,0.025,0.025,0.025,0.025,0.025,0,PGAS
2016-10-24,0.035,0.035,0.034,0.034,0.034,99200,PGAS
2016-10-25,0.034,0.034,0.03,0.033,0.033,30300,PGAS
2016-10-26,0.033,0.033,0.033,0.033,0.033,0,PGAS
2016-10-27,0.032,0.032,0.024,0.024,0.024,30700,PGAS
2016-10-28,0.024,0.024,0.024,0.024,0.024,0,PGAS
2016-10-31,0.024,0.04,0.024,0.04,0.04,14200,PGAS
2016-11-01,0.04,0.04,0.03,0.03,0.03,133300,PGAS
2016-11-02,0.03,0.03,0.03,0.03,0.03,0,PGAS
2016-11-03,0.033,0.033,0.023,0.023,0.023,113700,PGAS
2016-11-04,0.023,0.023,0.023,0.023,0.023,28200,PGAS
2016-11-07,0.023,0.025,0.023,0.023,0.023,38100,PGAS
2016-11-08,0.023,0.023,0.023,0.023,0.023,0,PGAS
2016-11-09,0.022,0.03,0.018,0.018,0.018,235200,PGAS
2016-11-10,0.03,0.03,0.022,0.028,0.028,273700,PGAS
2016-11-11,0.022,0.022,0.02,0.02,0.02,64600,PGAS
2016-11-14,0.03,0.03,0.024,0.024,0.024,61800,PGAS
2016-11-15,0.028,0.029,0.025,0.027,0.027,106600,PGAS
2016-11-16,0.03,0.06,0.025,0.05,0.05,665300,PGAS
2016-11-17,0.06,0.06,0.035,0.039,0.039,180900,PGAS
2016-11-18,0.047,0.047,0.04,0.04,0.04,75500,PGAS
2016-11-21,0.055,0.063,0.05,0.06,0.06,331100,PGAS
2016-11-22,0.055,0.061,0.051,0.051,0.051,39400,PGAS
2016-11-23,0.053,0.06,0.052,0.06,0.06,16700,PGAS
2016-11-25,0.06,0.06,0.06,0.06,0.06,12500,PGAS
2016-11-28,0.06,0.063,0.055,0.063,0.063,94200,PGAS
2016-11-29,0.063,0.073,0.06,0.073,0.073,138300,PGAS
2016-11-30,0.066,0.066,0.06,0.06,0.06,105300,PGAS
2016-12-01,0.06,0.07,0.06,0.065,0.065,11100,PGAS
2016-12-02,0.059,0.065,0.059,0.065,0.065,24300,PGAS
2016-12-05,0.07,0.07,0.059,0.059,0.059,46900,PGAS
2016-12-06,0.06,0.06,0.059,0.059,0.059,32100,PGAS
2016-12-07,0.065,0.07,0.052,0.053,0.053,151700,PGAS
2016-12-08,0.05,0.065,0.05,0.064,0.064,9500,PGAS
2016-12-09,0.064,0.064,0.053,0.053,0.053,36900,PGAS
2016-12-12,0.05,0.065,0.05,0.053,0.053,72400,PGAS
2016-12-13,0.058,0.058,0.053,0.055,0.055,88500,PGAS
2016-12-14,0.05,0.05,0.05,0.05,0.05,20400,PGAS
2016-12-15,0.056,0.056,0.03,0.055,0.055,76100,PGAS
2016-12-16,0.055,0.055,0.055,0.055,0.055,100,PGAS
2016-12-19,0.055,0.058,0.055,0.058,0.058,10100,PGAS
2016-12-20,0.047,0.055,0.047,0.055,0.055,32000,PGAS
2016-12-21,0.057,0.057,0.05,0.05,0.05,20000,PGAS
2016-12-22,0.036,0.043,0.036,0.042,0.042,36200,PGAS
2016-12-23,0.05,0.05,0.042,0.042,0.042,27000,PGAS
2016-12-27,0.035,0.042,0.035,0.037,0.037,62700,PGAS
2016-12-28,0.035,0.035,0.035,0.035,0.035,500,PGAS
2016-12-29,0.041,0.041,0.037,0.037,0.037,14000,PGAS
2016-12-30,0.036,0.039,0.036,0.036,0.036,11500,PGAS
2017-01-03,0.036,0.036,0.036,0.036,0.036,700,PGAS
2017-01-04,0.04,0.04,0.036,0.04,0.04,47200,PGAS
2017-01-05,0.042,0.042,0.042,0.042,0.042,5700,PGAS
2017-01-06,0.042,0.042,0.042,0.042,0.042,0,PGAS
2017-01-09,0.041,0.042,0.036,0.036,0.036,50500,PGAS
2017-01-10,0.043,0.043,0.036,0.04,0.04,21300,PGAS
2017-01-11,0.04,0.04,0.04,0.04,0.04,0,PGAS
2017-01-12,0.039,0.04,0.036,0.036,0.036,18700,PGAS
2017-01-13,0.036,0.04,0.036,0.04,0.04,13600,PGAS
2017-01-17,0.04,0.04,0.04,0.04,0.04,0,PGAS
2017-01-18,0.045,0.045,0.043,0.045,0.045,11900,PGAS
2017-01-19,0.049,0.049,0.016,0.045,0.045,234900,PGAS
2017-01-20,0.04,0.04,0.035,0.035,0.035,150600,PGAS
2017-01-23,0.035,0.035,0.035,0.035,0.035,3900,PGAS
2017-01-24,0.035,0.04,0.03,0.04,0.04,12100,PGAS
2017-01-25,0.02,0.04,0.02,0.027,0.027,2700,PGAS
2017-01-26,0.04,0.04,0.03,0.03,0.03,33600,PGAS
2017-01-27,0.03,0.03,0.03,0.03,0.03,0,PGAS
2017-01-30,0.035,0.035,0.035,0.035,0.035,55700,PGAS
2017-01-31,0.04,0.04,0.029,0.03,0.03,70400,PGAS
2017-02-01,0.03,0.03,0.03,0.03,0.03,0,PGAS
2017-02-02,0.03,0.03,0.03,0.03,0.03,0,PGAS
2017-02-03,0.03,0.03,0.029,0.029,0.029,51700,PGAS
2017-02-06,0.029,0.029,0.029,0.029,0.029,0,PGAS
2017-02-07,0.029,0.029,0.019,0.019,0.019,386300,PGAS
2017-02-08,0.02,0.02,0.02,0.02,0.02,100000,PGAS
2017-02-09,0.021,0.022,0.02,0.02,0.02,45800,PGAS
2017-02-10,0.018,0.02,0.018,0.02,0.02,12700,PGAS
2017-02-13,0.02,0.02,0.018,0.018,0.018,34500,PGAS
2017-02-14,0.023,0.023,0.017,0.017,0.017,107000,PGAS
2017-02-15,0.018,0.022,0.018,0.022,0.022,98400,PGAS
2017-02-16,0.022,0.022,0.018,0.018,0.018,10300,PGAS
2017-02-17,0.018,0.018,0.018,0.018,0.018,132200,PGAS
2017-02-21,0.018,0.018,0.018,0.018,0.018,0,PGAS
2017-02-22,0.02,0.02,0.02,0.02,0.02,80500,PGAS
2017-02-23,0.022,0.028,0.022,0.028,0.028,158600,PGAS
2017-02-24,0.022,0.023,0.022,0.023,0.023,9000,PGAS
2017-02-27,0.023,0.034,0.023,0.034,0.034,38200,PGAS
2017-02-28,0.034,0.044,0.034,0.04,0.04,226300,PGAS
2017-03-01,0.042,0.043,0.04,0.043,0.043,83400,PGAS
2017-03-02,0.042,0.043,0.042,0.043,0.043,26500,PGAS
2017-03-03,0.024,0.04,0.024,0.035,0.035,21900,PGAS
2017-03-06,0.035,0.035,0.035,0.035,0.035,0,PGAS
2017-03-07,0.031,0.031,0.031,0.031,0.031,200,PGAS
2017-03-08,0.031,0.031,0.029,0.031,0.031,14400,PGAS
2017-03-09,0.027,0.031,0.027,0.031,0.031,3800,PGAS
2017-03-10,0.04,0.04,0.024,0.024,0.024,5300,PGAS
2017-03-13,0.03,0.03,0.026,0.03,0.03,51900,PGAS
2017-03-14,0.032,0.032,0.025,0.025,0.025,4800,PGAS
2017-03-15,0.025,0.025,0.025,0.025,0.025,0,PGAS
2017-03-16,0.025,0.025,0.025,0.025,0.025,0,PGAS
2017-03-17,0.026,0.04,0.024,0.039,0.039,26800,PGAS
2017-03-20,0.027,0.027,0.027,0.027,0.027,400,PGAS
2017-03-21,0.027,0.027,0.027,0.027,0.027,0,PGAS
2017-03-22,0.027,0.027,0.027,0.027,0.027,0,PGAS
2017-03-23,0.028,0.028,0.028,0.028,0.028,9100,PGAS
2017-03-24,0.028,0.03,0.028,0.03,0.03,6000,PGAS
2017-03-27,0.028,0.028,0.028,0.028,0.028,700,PGAS
2017-03-28,0.038,0.038,0.028,0.033,0.033,11000,PGAS
2017-03-29,0.028,0.038,0.027,0.035,0.035,31300,PGAS
2017-03-30,0.026,0.026,0.026,0.026,0.026,2900,PGAS
2017-03-31,0.023,0.023,0.023,0.023,0.023,300,PGAS
2017-04-03,0.023,0.023,0.023,0.023,0.023,0,PGAS
2017-04-04,0.034,0.034,0.027,0.027,0.027,10900,PGAS
2017-04-05,0.03,0.03,0.03,0.03,0.03,10000,PGAS
2017-04-06,0.03,0.03,0.027,0.03,0.03,8000,PGAS
2017-04-07,0.027,0.03,0.026,0.03,0.03,57700,PGAS
2017-04-10,0.03,0.03,0.03,0.03,0.03,0,PGAS
2017-04-11,0.03,0.03,0.03,0.03,0.03,500,PGAS
2017-04-12,0.03,0.03,0.03,0.03,0.03,32600,PGAS
2017-04-13,0.03,0.03,0.029,0.03,0.03,56400,PGAS
2017-04-17,0.03,0.03,0.03,0.03,0.03,0,PGAS
2017-04-18,0.025,0.025,0.025,0.025,0.025,600,PGAS
2017-04-19,0.03,0.03,0.03,0.03,0.03,1400,PGAS
2017-04-20,0.03,0.03,0.03,0.03,0.03,0,PGAS
2017-04-21,0.026,0.026,0.026,0.026,0.026,700,PGAS
2017-04-24,0.026,0.026,0.026,0.026,0.026,0,PGAS
2017-04-25,0.024,0.025,0.024,0.025,0.025,1100,PGAS
2017-04-26,0.025,0.025,0.025,0.025,0.025,0,PGAS
2017-04-27,0.025,0.025,0.022,0.022,0.022,20300,PGAS
2017-04-28,0.03,0.03,0.024,0.024,0.024,17000,PGAS
2017-05-01,0.03,0.03,0.03,0.03,0.03,2000,PGAS
2017-05-02,0.03,0.03,0.03,0.03,0.03,11900,PGAS
2017-05-03,0.024,0.03,0.023,0.03,0.03,44000,PGAS
2017-05-04,0.03,0.03,0.03,0.03,0.03,0,PGAS
2017-05-05,0.024,0.024,0.022,0.022,0.022,104000,PGAS
2017-05-08,0.021,0.022,0.017,0.018,0.018,52800,PGAS
2017-05-09,0.018,0.018,0.018,0.018,0.018,0,PGAS
2017-05-10,0.027,0.027,0.027,0.027,0.027,10100,PGAS
2017-05-11,0.023,0.027,0.019,0.027,0.027,19800,PGAS
2017-05-12,0.019,0.019,0.019,0.019,0.019,1000,PGAS
2017-05-15,0.021,0.021,0.019,0.019,0.019,300,PGAS
2017-05-16,0.019,0.02,0.019,0.02,0.02,400,PGAS
2017-05-17,0.02,0.02,0.02,0.02,0.02,0,PGAS
2017-05-18,0.02,0.02,0.02,0.02,0.02,0,PGAS
2017-05-19,0.02,0.02,0.02,0.02,0.02,0,PGAS
2017-05-22,0.027,0.027,0.027,0.027,0.027,200,PGAS
2017-05-23,0.025,0.025,0.02,0.02,0.02,107500,PGAS
2017-05-24,0.023,0.025,0.02,0.025,0.025,57200,PGAS
2017-05-25,0.025,0.025,0.02,0.02,0.02,75000,PGAS
2017-05-26,0.02,0.02,0.02,0.02,0.02,0,PGAS
2017-05-30,0.02,0.02,0.02,0.02,0.02,500,PGAS
2017-05-31,0.02,0.02,0.02,0.02,0.02,0,PGAS
2017-06-01,0.02,0.02,0.02,0.02,0.02,0,PGAS
2017-06-02,0.02,0.02,0.02,0.02,0.02,0,PGAS
2017-06-05,0.02,0.02,0.02,0.02,0.02,0,PGAS
2017-06-06,0.02,0.02,0.02,0.02,0.02,50000,PGAS
2017-06-07,0.02,0.022,0.02,0.02,0.02,159000,PGAS
2017-06-08,0.019,0.024,0.019,0.02,0.02,166800,PGAS
2017-06-09,0.02,0.02,0.02,0.02,0.02,0,PGAS
2017-06-12,0.02,0.02,0.02,0.02,0.02,0,PGAS
2017-06-13,0.025,0.025,0.022,0.025,0.025,114500,PGAS
2017-06-14,0.025,0.025,0.025,0.025,0.025,0,PGAS
2017-06-15,0.022,0.028,0.022,0.028,0.028,394600,PGAS
2017-06-16,0.028,0.028,0.028,0.028,0.028,33200,PGAS
2017-06-19,0.023,0.023,0.023,0.023,0.023,200,PGAS
2017-06-20,0.028,0.028,0.028,0.028,0.028,15000,PGAS
2017-06-21,0.028,0.03,0.023,0.023,0.023,128100,PGAS
2017-06-22,0.025,0.025,0.025,0.025,0.025,400,PGAS
2017-06-23,0.024,0.024,0.024,0.024,0.024,50000,PGAS
2017-06-26,0.03,0.03,0.022,0.022,0.022,60000,PGAS
2017-06-27,0.023,0.03,0.022,0.029,0.029,233600,PGAS
2017-06-28,0.029,0.054,0.027,0.04,0.04,2538800,PGAS
2017-06-29,0.055,0.072,0.04,0.04,0.04,4660100,PGAS
2017-06-30,0.049,0.052,0.04,0.043,0.043,2751800,PGAS
2017-07-03,0.046,0.05,0.04,0.041,0.041,1299900,PGAS
2017-07-05,0.045,0.045,0.035,0.044,0.044,395400,PGAS
2017-07-06,0.035,0.04,0.032,0.032,0.032,1275900,PGAS
2017-07-07,0.039,0.044,0.034,0.035,0.035,1676300,PGAS
2017-07-10,0.036,0.039,0.033,0.036,0.036,535300,PGAS
2017-07-11,0.032,0.037,0.03,0.03,0.03,738700,PGAS
2017-07-12,0.031,0.039,0.031,0.032,0.032,948800,PGAS
2017-07-13,0.032,0.033,0.03,0.03,0.03,400200,PGAS
2017-07-14,0.03,0.035,0.027,0.031,0.031,388400,PGAS
2017-07-17,0.028,0.029,0.027,0.027,0.027,792400,PGAS
2017-07-18,0.027,0.029,0.024,0.025,0.025,1333500,PGAS
2017-07-19,0.025,0.05,0.025,0.05,0.05,4370000,PGAS
2017-07-20,0.05,0.055,0.038,0.05,0.05,3884300,PGAS
2017-07-21,0.049,0.051,0.042,0.048,0.048,1592500,PGAS
2017-07-24,0.048,0.065,0.045,0.064,0.064,3885500,PGAS
2017-07-25,0.065,0.065,0.049,0.058,0.058,715100,PGAS
2017-07-26,0.062,0.062,0.05,0.053,0.053,598100,PGAS
2017-07-27,0.052,0.061,0.045,0.06,0.06,769800,PGAS
2017-07-28,0.06,0.061,0.051,0.057,0.057,763800,PGAS
2017-07-31,0.053,0.055,0.046,0.052,0.052,175800,PGAS
2017-08-01,0.051,0.054,0.045,0.049,0.049,235700,PGAS
2017-08-02,0.045,0.048,0.04,0.04,0.04,178000,PGAS
2017-08-03,0.04,0.045,0.037,0.045,0.045,167100,PGAS
2017-08-04,0.045,0.045,0.038,0.038,0.038,128500,PGAS
2017-08-07,0.034,0.04,0.033,0.037,0.037,562400,PGAS
2017-08-08,0.035,0.035,0.034,0.034,0.034,67700,PGAS
2017-08-09,0.039,0.039,0.034,0.034,0.034,222700,PGAS
2017-08-10,0.035,0.035,0.032,0.034,0.034,222300,PGAS
2017-08-11,0.036,0.036,0.033,0.034,0.034,117100,PGAS
2017-08-14,0.033,0.058,0.033,0.055,0.055,893400,PGAS
2017-08-15,0.046,0.06,0.046,0.047,0.047,541500,PGAS
2017-08-16,0.044,0.045,0.038,0.04,0.04,462000,PGAS
2017-08-17,0.038,0.044,0.037,0.038,0.038,440600,PGAS
2017-08-18,0.04,0.04,0.032,0.039,0.039,2034500,PGAS
2017-08-21,0.034,0.043,0.029,0.032,0.032,6479600,PGAS
2017-08-22,0.037,0.037,0.029,0.03,0.03,2211500,PGAS
2017-08-23,0.033,0.033,0.029,0.032,0.032,759800,PGAS
2017-08-24,0.032,0.036,0.03,0.03,0.03,300400,PGAS
2017-08-25,0.032,0.032,0.03,0.031,0.031,267300,PGAS
2017-08-28,0.03,0.031,0.029,0.029,0.029,276800,PGAS
2017-08-29,0.029,0.031,0.029,0.031,0.031,253400,PGAS
2017-08-30,0.03,0.03,0.029,0.029,0.029,62000,PGAS
2017-08-31,0.029,0.03,0.029,0.03,0.03,298500,PGAS
2017-09-01,0.03,0.032,0.03,0.03,0.03,133600,PGAS
2017-09-05,0.03,0.032,0.03,0.032,0.032,279700,PGAS
2017-09-06,0.032,0.033,0.032,0.033,0.033,58600,PGAS
